               epoch,      train/box_loss,      train/obj_loss,      train/cls_loss,   metrics/precision,      metrics/recall,     metrics/mAP_0.5,metrics/mAP_0.5:0.95,        val/box_loss,        val/obj_loss,        val/cls_loss,               x/lr0,               x/lr1,               x/lr2
                   0,             0.11437,            0.052016,            0.078336,             0.01145,            0.069767,           0.0063035,           0.0032929,             0.11036,            0.030131,            0.087514,                   0,                   0,                 0.1
                   1,             0.11266,            0.052956,            0.077778,            0.016104,            0.069767,           0.0064856,           0.0016469,             0.10944,            0.030153,            0.088403,           9.967e-05,           9.967e-05,              0.0991
                   2,             0.11071,             0.05142,            0.079898,            0.015449,            0.069767,           0.0062124,           0.0015767,             0.10762,            0.030512,            0.087426,          0.00019868,          0.00019868,            0.098199
                   3,             0.11179,            0.058044,            0.077952,            0.014205,            0.069767,           0.0077982,           0.0018894,             0.10532,            0.031003,            0.086107,          0.00029703,          0.00029703,            0.097297
                   4,             0.11194,            0.061072,            0.076841,            0.019088,            0.093023,            0.010204,           0.0021107,             0.10314,            0.031397,            0.084766,          0.00039472,          0.00039472,            0.096395
                   5,             0.11204,            0.055933,            0.075298,            0.022846,             0.11628,            0.011857,           0.0021625,             0.10069,            0.031796,            0.082988,          0.00049175,          0.00049175,            0.095492
                   6,             0.10545,            0.054427,            0.075845,            0.028871,             0.11628,             0.01567,            0.002758,            0.098368,            0.032273,            0.080796,          0.00058812,          0.00058812,            0.094588
                   7,             0.10586,            0.052452,            0.073772,            0.029325,             0.11628,            0.014037,           0.0026884,            0.096346,            0.033437,            0.078424,          0.00068383,          0.00068383,            0.093684
                   8,             0.10585,            0.067033,            0.071879,            0.038583,            0.068151,            0.013506,           0.0032759,            0.094399,            0.034366,            0.076267,          0.00077888,          0.00077888,            0.092779
                   9,              0.1035,            0.052207,            0.070508,            0.068215,            0.046512,            0.014071,            0.002294,            0.092633,            0.034932,            0.074043,          0.00087327,          0.00087327,            0.091873
                  10,            0.096558,            0.061358,            0.070981,             0.16558,            0.046512,            0.032852,           0.0046425,            0.090648,             0.03571,            0.071384,            0.000967,            0.000967,            0.090967
                  11,            0.096167,            0.055731,            0.068421,            0.049907,             0.11628,             0.02467,           0.0043661,            0.088796,             0.03648,            0.068218,           0.0010601,           0.0010601,             0.09006
                  12,            0.096824,            0.061833,            0.065446,            0.050409,             0.16279,            0.039438,           0.0075066,            0.086887,             0.03687,            0.065224,           0.0011525,           0.0011525,            0.089152
                  13,            0.098139,            0.048829,            0.062952,            0.059498,             0.27907,            0.059619,           0.0095083,             0.08526,            0.036731,             0.06306,           0.0012442,           0.0012442,            0.088244
                  14,             0.09608,            0.059654,            0.061862,             0.11624,              0.2093,             0.10074,            0.018727,            0.084442,            0.035621,            0.061014,           0.0013353,           0.0013353,            0.087335
                  15,             0.08688,            0.070058,            0.058993,             0.26434,             0.13953,             0.13364,            0.022593,            0.082999,            0.035167,             0.05757,           0.0014257,           0.0014257,            0.086426
                  16,            0.091685,            0.062148,             0.05614,             0.15935,             0.37209,             0.16992,            0.038633,            0.081164,            0.034859,            0.053431,           0.0015155,           0.0015155,            0.085516
                  17,            0.088525,            0.056381,            0.052016,             0.15935,             0.37209,             0.16992,            0.038633,            0.081164,            0.034859,            0.053431,           0.0016046,           0.0016046,            0.084605
                  18,            0.088556,            0.056876,            0.052607,             0.35771,              0.2093,             0.22044,            0.040353,            0.079634,            0.034346,            0.049248,           0.0016931,           0.0016931,            0.083693
                  19,            0.087282,            0.061428,            0.049626,             0.35771,              0.2093,             0.22044,            0.040353,            0.079634,            0.034346,            0.049248,           0.0017809,           0.0017809,            0.082781
                  20,            0.088115,            0.066439,            0.049613,             0.35154,              0.3909,             0.25602,            0.050411,            0.077163,            0.033873,            0.043492,            0.001868,            0.001868,            0.081868
                  21,             0.08433,            0.055948,            0.047772,             0.35154,              0.3909,             0.25602,            0.050411,            0.077163,            0.033873,            0.043492,           0.0019545,           0.0019545,            0.080954
                  22,            0.083518,            0.061924,             0.04668,             0.32604,             0.34884,             0.27587,            0.055525,            0.075274,            0.033594,              0.0392,           0.0020403,           0.0020403,             0.08004
                  23,            0.080063,            0.055944,             0.04253,             0.32604,             0.34884,             0.27587,            0.055525,            0.075274,            0.033594,              0.0392,           0.0021254,           0.0021254,            0.079125
                  24,            0.082849,             0.05495,            0.044207,             0.38426,             0.34884,             0.28977,            0.072774,            0.072468,            0.034509,            0.035523,           0.0022099,           0.0022099,             0.07821
                  25,            0.083681,            0.052025,            0.041937,             0.38426,             0.34884,             0.28977,            0.072774,            0.072468,            0.034509,            0.035523,           0.0022938,           0.0022938,            0.077294
                  26,            0.079027,            0.075169,            0.039886,             0.36294,               0.371,             0.32023,             0.10061,            0.073308,            0.034257,            0.032337,           0.0023769,           0.0023769,            0.076377
                  27,            0.075581,            0.047317,            0.037621,             0.36294,               0.371,             0.32023,             0.10061,            0.073308,            0.034257,            0.032337,           0.0024594,           0.0024594,            0.075459
                  28,            0.079077,            0.050636,             0.03759,              0.3767,             0.39535,             0.33969,             0.11348,            0.069616,            0.034567,            0.028967,           0.0025413,           0.0025413,            0.074541
                  29,            0.078235,            0.055279,            0.035923,              0.3767,             0.39535,             0.33969,             0.11348,            0.069616,            0.034567,            0.028967,           0.0026225,           0.0026225,            0.073622
                  30,            0.072924,            0.050113,            0.032926,             0.39507,             0.39535,             0.33377,              0.1143,            0.070067,            0.034485,            0.025846,            0.002703,            0.002703,            0.072703
                  31,            0.071737,             0.04516,            0.031276,             0.39507,             0.39535,             0.33377,              0.1143,            0.070067,            0.034485,            0.025846,           0.0027829,           0.0027829,            0.071783
                  32,            0.075172,            0.050243,            0.032008,              0.3942,             0.39349,             0.32705,             0.10972,             0.06669,            0.036271,            0.023063,           0.0028621,           0.0028621,            0.070862
                  33,            0.069305,            0.047272,            0.026894,              0.3942,             0.39349,             0.32705,             0.10972,             0.06669,            0.036271,            0.023063,           0.0029406,           0.0029406,            0.069941
                  34,            0.075167,            0.057156,            0.028668,             0.36775,             0.30233,             0.28784,            0.098048,            0.078496,            0.039764,            0.020552,           0.0030185,           0.0030185,            0.069019
                  35,            0.071542,            0.049363,             0.02595,             0.36775,             0.30233,             0.28784,            0.098048,            0.078496,            0.039764,            0.020552,           0.0030958,           0.0030958,            0.068096
                  36,            0.076856,            0.047982,             0.02606,             0.27076,             0.38864,             0.26529,            0.078909,            0.066932,            0.043762,             0.01872,           0.0031723,           0.0031723,            0.067172
                  37,            0.073946,            0.055162,            0.022731,             0.27076,             0.38864,             0.26529,            0.078909,            0.066932,            0.043762,             0.01872,           0.0032482,           0.0032482,            0.066248
                  38,            0.072945,            0.049315,            0.023417,             0.14742,             0.44186,               0.173,            0.051545,            0.070327,            0.046692,            0.016954,           0.0033235,           0.0033235,            0.065323
                  39,            0.066406,            0.044875,            0.021034,             0.14742,             0.44186,               0.173,            0.051545,            0.070327,            0.046692,            0.016954,           0.0033981,           0.0033981,            0.064398
                  40,            0.067476,            0.052106,            0.020681,             0.41798,              0.4186,             0.38746,             0.11074,            0.067136,            0.049469,            0.015669,            0.003472,            0.003472,            0.063472
                  41,            0.076906,            0.055533,            0.020333,             0.41798,              0.4186,             0.38746,             0.11074,            0.067136,            0.049469,            0.015669,           0.0035453,           0.0035453,            0.062545
                  42,            0.074888,            0.042782,            0.020848,              0.1344,             0.69767,             0.12156,            0.021064,            0.073434,            0.046112,            0.014137,           0.0036179,           0.0036179,            0.061618
                  43,            0.068323,            0.049234,            0.016594,              0.1344,             0.69767,             0.12156,            0.021064,            0.073434,            0.046112,            0.014137,           0.0036898,           0.0036898,             0.06069
                  44,            0.068397,            0.040659,            0.016879,             0.62785,             0.44186,             0.46639,             0.20673,            0.074018,            0.044083,             0.01281,           0.0037611,           0.0037611,            0.059761
                  45,            0.072277,            0.045533,            0.014999,             0.62785,             0.44186,             0.46639,             0.20673,            0.074018,            0.044083,             0.01281,           0.0038317,           0.0038317,            0.058832
                  46,            0.068754,            0.050995,             0.01422,               0.554,             0.44186,             0.45061,              0.1951,            0.073739,            0.041199,            0.012654,           0.0039017,           0.0039017,            0.057902
                  47,            0.073662,            0.046375,            0.015021,               0.554,             0.44186,             0.45061,              0.1951,            0.073739,            0.041199,            0.012654,            0.003971,            0.003971,            0.056971
                  48,            0.072022,             0.03705,            0.018512,             0.57693,              0.5075,             0.48752,             0.11939,            0.065203,            0.035659,            0.011418,           0.0040397,           0.0040397,             0.05604
                  49,            0.068811,            0.040104,            0.013961,             0.57693,              0.5075,             0.48752,             0.11939,            0.065203,            0.035659,            0.011418,           0.0041077,           0.0041077,            0.055108
                  50,            0.069964,             0.04092,            0.015476,             0.67645,             0.48837,              0.4781,             0.14945,            0.075338,            0.035783,            0.010298,            0.004175,            0.004175,            0.054175
                  51,            0.072785,            0.047375,            0.014903,             0.67645,             0.48837,              0.4781,             0.14945,            0.075338,            0.035783,            0.010298,           0.0042417,           0.0042417,            0.053242
                  52,            0.067982,             0.04244,            0.013027,             0.67645,             0.48837,              0.4781,             0.14945,            0.075338,            0.035783,            0.010298,           0.0043077,           0.0043077,            0.052308
                  53,            0.070521,            0.038571,            0.014039,             0.80889,             0.51163,             0.63265,             0.20353,            0.065779,            0.032047,            0.009302,            0.004373,            0.004373,            0.051373
                  54,            0.072945,            0.052841,            0.013539,             0.80889,             0.51163,             0.63265,             0.20353,            0.065779,            0.032047,            0.009302,           0.0044377,           0.0044377,            0.050438
                  55,             0.07165,            0.042522,             0.01279,             0.80889,             0.51163,             0.63265,             0.20353,            0.065779,            0.032047,            0.009302,           0.0045017,           0.0045017,            0.049502
                  56,            0.067801,            0.042464,            0.011722,             0.15231,             0.67442,             0.16796,            0.043623,            0.076863,            0.031474,           0.0088477,           0.0045651,           0.0045651,            0.048565
                  57,            0.076789,            0.048289,            0.011802,             0.15231,             0.67442,             0.16796,            0.043623,            0.076863,            0.031474,           0.0088477,           0.0046278,           0.0046278,            0.047628
                  58,            0.073702,            0.038287,            0.011574,             0.15231,             0.67442,             0.16796,            0.043623,            0.076863,            0.031474,           0.0088477,           0.0046899,           0.0046899,             0.04669
                  59,            0.073576,            0.035116,            0.010423,             0.59627,             0.34363,             0.44267,              0.1346,            0.076826,            0.027975,           0.0080484,           0.0047513,           0.0047513,            0.045751
                  60,            0.073986,            0.039656,            0.010431,             0.59627,             0.34363,             0.44267,              0.1346,            0.076826,            0.027975,           0.0080484,            0.004812,            0.004812,            0.044812
                  61,            0.070095,            0.036373,            0.010851,             0.59627,             0.34363,             0.44267,              0.1346,            0.076826,            0.027975,           0.0080484,           0.0048721,           0.0048721,            0.043872
                  62,            0.072176,            0.034976,            0.010846,             0.64324,             0.53488,             0.63197,             0.24605,            0.061064,            0.026058,           0.0074359,           0.0049315,           0.0049315,            0.042931
                  63,            0.066128,            0.058649,            0.010185,             0.64324,             0.53488,             0.63197,             0.24605,            0.061064,            0.026058,           0.0074359,           0.0049902,           0.0049902,             0.04199
                  64,            0.066403,            0.049851,            0.010765,             0.64324,             0.53488,             0.63197,             0.24605,            0.061064,            0.026058,           0.0074359,           0.0050483,           0.0050483,            0.041048
                  65,            0.066708,            0.046371,             0.01061,             0.37287,             0.65116,              0.4367,            0.072455,            0.072891,            0.026232,           0.0069963,           0.0051057,           0.0051057,            0.040106
                  66,            0.073519,            0.045437,            0.010128,             0.37287,             0.65116,              0.4367,            0.072455,            0.072891,            0.026232,           0.0069963,           0.0051625,           0.0051625,            0.039163
                  67,            0.070473,            0.042953,            0.010675,             0.37287,             0.65116,              0.4367,            0.072455,            0.072891,            0.026232,           0.0069963,           0.0052186,           0.0052186,            0.038219
                  68,            0.071084,            0.034548,            0.010595,             0.41308,             0.50746,             0.37191,            0.076333,            0.064316,            0.024541,           0.0065605,           0.0052741,           0.0052741,            0.037274
                  69,            0.066164,            0.038142,            0.010529,             0.41308,             0.50746,             0.37191,            0.076333,            0.064316,            0.024541,           0.0065605,           0.0053289,           0.0053289,            0.036329
                  70,            0.072009,             0.04693,            0.011735,             0.41308,             0.50746,             0.37191,            0.076333,            0.064316,            0.024541,           0.0065605,            0.005383,            0.005383,            0.035383
                  71,            0.066846,            0.039484,           0.0081349,              0.5869,             0.53488,             0.56997,             0.23209,            0.072401,            0.022343,           0.0061359,           0.0054365,           0.0054365,            0.034436
                  72,             0.07128,            0.032372,               0.009,              0.5869,             0.53488,             0.56997,             0.23209,            0.072401,            0.022343,           0.0061359,           0.0054893,           0.0054893,            0.033489
                  73,            0.076745,            0.040841,           0.0088048,              0.5869,             0.53488,             0.56997,             0.23209,            0.072401,            0.022343,           0.0061359,           0.0055414,           0.0055414,            0.032541
                  74,            0.078506,            0.044148,            0.010121,             0.36785,             0.64958,             0.33293,            0.090299,            0.071754,            0.021856,           0.0058014,           0.0055929,           0.0055929,            0.031593
                  75,            0.066876,             0.03283,           0.0073477,             0.36785,             0.64958,             0.33293,            0.090299,            0.071754,            0.021856,           0.0058014,           0.0056438,           0.0056438,            0.030644
                  76,            0.070713,            0.041696,           0.0087814,             0.36785,             0.64958,             0.33293,            0.090299,            0.071754,            0.021856,           0.0058014,           0.0056939,           0.0056939,            0.029694
                  77,            0.070519,             0.03845,           0.0089972,             0.54357,              0.7201,             0.49248,              0.1075,            0.065562,            0.022535,           0.0056312,           0.0057434,           0.0057434,            0.028743
                  78,            0.070232,            0.044091,           0.0077534,             0.54357,              0.7201,             0.49248,              0.1075,            0.065562,            0.022535,           0.0056312,           0.0057923,           0.0057923,            0.027792
                  79,            0.072796,            0.037029,            0.010315,             0.54357,              0.7201,             0.49248,              0.1075,            0.065562,            0.022535,           0.0056312,           0.0058405,           0.0058405,             0.02684
                  80,            0.075663,            0.038115,           0.0081803,             0.54496,             0.69767,             0.52288,             0.15667,            0.067352,            0.021156,           0.0053787,            0.005888,            0.005888,            0.025888
                  81,            0.067843,            0.041002,           0.0072243,             0.54496,             0.69767,             0.52288,             0.15667,            0.067352,            0.021156,           0.0053787,           0.0059349,           0.0059349,            0.024935
                  82,            0.072811,            0.038172,           0.0089717,             0.54496,             0.69767,             0.52288,             0.15667,            0.067352,            0.021156,           0.0053787,           0.0059811,           0.0059811,            0.023981
                  83,            0.066684,            0.039379,           0.0081013,              0.4758,             0.69661,             0.46279,             0.14164,            0.064487,              0.0219,           0.0051653,           0.0060266,           0.0060266,            0.023027
                  84,            0.066046,            0.042167,            0.007595,              0.4758,             0.69661,             0.46279,             0.14164,            0.064487,              0.0219,           0.0051653,           0.0060715,           0.0060715,            0.022072
                  85,            0.066747,            0.033593,           0.0068267,              0.4758,             0.69661,             0.46279,             0.14164,            0.064487,              0.0219,           0.0051653,           0.0061157,           0.0061157,            0.021116
                  86,            0.065135,            0.032018,           0.0074582,              0.4758,             0.69661,             0.46279,             0.14164,            0.064487,              0.0219,           0.0051653,           0.0061593,           0.0061593,            0.020159
                  87,             0.06466,            0.035884,           0.0074234,             0.59745,             0.62791,             0.63505,             0.17291,            0.070835,            0.020638,           0.0048937,           0.0062022,           0.0062022,            0.019202
                  88,            0.074772,            0.051665,           0.0089518,             0.59745,             0.62791,             0.63505,             0.17291,            0.070835,            0.020638,           0.0048937,           0.0062445,           0.0062445,            0.018244
                  89,            0.071516,            0.031867,           0.0073005,             0.59745,             0.62791,             0.63505,             0.17291,            0.070835,            0.020638,           0.0048937,           0.0062861,           0.0062861,            0.017286
                  90,            0.074697,            0.033395,           0.0085107,             0.59745,             0.62791,             0.63505,             0.17291,            0.070835,            0.020638,           0.0048937,            0.006327,            0.006327,            0.016327
                  91,            0.071969,            0.037353,           0.0069595,             0.63347,             0.76744,             0.64602,             0.19503,            0.061074,            0.021086,           0.0047287,           0.0063673,           0.0063673,            0.015367
                  92,            0.068524,            0.036977,           0.0067079,             0.63347,             0.76744,             0.64602,             0.19503,            0.061074,            0.021086,           0.0047287,           0.0064069,           0.0064069,            0.014407
                  93,            0.066719,            0.035571,           0.0062016,             0.63347,             0.76744,             0.64602,             0.19503,            0.061074,            0.021086,           0.0047287,           0.0064458,           0.0064458,            0.013446
                  94,            0.069768,            0.045413,           0.0071222,             0.63347,             0.76744,             0.64602,             0.19503,            0.061074,            0.021086,           0.0047287,           0.0064841,           0.0064841,            0.012484
                  95,            0.065681,            0.033005,           0.0063758,             0.45942,             0.79058,             0.55988,              0.1894,            0.058726,            0.020153,           0.0045673,           0.0065217,           0.0065217,            0.011522
                  96,             0.06094,            0.036306,            0.006133,             0.45942,             0.79058,             0.55988,              0.1894,            0.058726,            0.020153,           0.0045673,           0.0065587,           0.0065587,            0.010559
                  97,            0.066156,            0.032728,           0.0084052,             0.45942,             0.79058,             0.55988,              0.1894,            0.058726,            0.020153,           0.0045673,            0.006595,            0.006595,            0.009595
                  98,            0.064941,            0.043942,           0.0066462,             0.45942,             0.79058,             0.55988,              0.1894,            0.058726,            0.020153,           0.0045673,           0.0066307,           0.0066307,           0.0086307
                  99,            0.065469,            0.049678,           0.0071095,             0.28456,             0.32558,              0.2268,            0.045259,            0.070936,            0.020278,           0.0043448,           0.0066657,           0.0066657,           0.0076657
                 100,            0.077387,            0.038303,           0.0075357,             0.28456,             0.32558,              0.2268,            0.045259,            0.070936,            0.020278,           0.0043448,              0.0067,              0.0067,              0.0067
                 101,            0.078129,            0.028093,           0.0090679,             0.28456,             0.32558,              0.2268,            0.045259,            0.070936,            0.020278,           0.0043448,              0.0067,              0.0067,              0.0067
                 102,            0.076573,             0.03273,           0.0071532,             0.28456,             0.32558,              0.2268,            0.045259,            0.070936,            0.020278,           0.0043448,            0.006667,            0.006667,            0.006667
                 103,             0.07632,            0.028693,           0.0072845,             0.21081,             0.81381,             0.22807,            0.053156,            0.068415,            0.019054,            0.004306,            0.006634,            0.006634,            0.006634
                 104,            0.070241,            0.035448,           0.0058006,             0.21081,             0.81381,             0.22807,            0.053156,            0.068415,            0.019054,            0.004306,            0.006601,            0.006601,            0.006601
                 105,            0.072048,            0.036221,              0.0069,             0.21081,             0.81381,             0.22807,            0.053156,            0.068415,            0.019054,            0.004306,            0.006568,            0.006568,            0.006568
                 106,            0.069951,            0.040714,           0.0062385,             0.21081,             0.81381,             0.22807,            0.053156,            0.068415,            0.019054,            0.004306,            0.006535,            0.006535,            0.006535
                 107,            0.071531,            0.032508,            0.006173,             0.25732,             0.93023,             0.29267,            0.059502,            0.057187,            0.018673,           0.0043124,            0.006502,            0.006502,            0.006502
                 108,            0.064877,            0.033551,           0.0061469,             0.25732,             0.93023,             0.29267,            0.059502,            0.057187,            0.018673,           0.0043124,            0.006469,            0.006469,            0.006469
                 109,            0.061217,            0.033971,           0.0061379,             0.25732,             0.93023,             0.29267,            0.059502,            0.057187,            0.018673,           0.0043124,            0.006436,            0.006436,            0.006436
                 110,            0.059273,            0.034801,            0.005767,             0.25732,             0.93023,             0.29267,            0.059502,            0.057187,            0.018673,           0.0043124,            0.006403,            0.006403,            0.006403
                 111,            0.062814,            0.030321,            0.006235,             0.49938,              0.5814,             0.55288,             0.15116,            0.054303,            0.017871,           0.0042626,             0.00637,             0.00637,             0.00637
                 112,            0.056469,            0.032414,           0.0059622,             0.49938,              0.5814,             0.55288,             0.15116,            0.054303,            0.017871,           0.0042626,            0.006337,            0.006337,            0.006337
                 113,            0.061216,            0.037467,           0.0066923,             0.49938,              0.5814,             0.55288,             0.15116,            0.054303,            0.017871,           0.0042626,            0.006304,            0.006304,            0.006304
                 114,            0.059631,            0.041888,           0.0060946,             0.49938,              0.5814,             0.55288,             0.15116,            0.054303,            0.017871,           0.0042626,            0.006271,            0.006271,            0.006271
                 115,            0.055896,             0.03518,           0.0054553,             0.52417,             0.72093,             0.66257,             0.24884,            0.052396,            0.017837,           0.0042993,            0.006238,            0.006238,            0.006238
                 116,            0.063018,            0.031898,           0.0078129,             0.52417,             0.72093,             0.66257,             0.24884,            0.052396,            0.017837,           0.0042993,            0.006205,            0.006205,            0.006205
                 117,            0.060881,            0.034446,           0.0070688,             0.52417,             0.72093,             0.66257,             0.24884,            0.052396,            0.017837,           0.0042993,            0.006172,            0.006172,            0.006172
                 118,            0.057334,            0.030231,           0.0058244,             0.52417,             0.72093,             0.66257,             0.24884,            0.052396,            0.017837,           0.0042993,            0.006139,            0.006139,            0.006139
                 119,            0.062639,            0.046979,           0.0069176,             0.47264,              0.8129,             0.57462,             0.17919,            0.057969,            0.017598,           0.0041511,            0.006106,            0.006106,            0.006106
                 120,            0.065542,            0.028963,           0.0062269,             0.47264,              0.8129,             0.57462,             0.17919,            0.057969,            0.017598,           0.0041511,            0.006073,            0.006073,            0.006073
                 121,            0.063154,            0.043139,           0.0059376,             0.47264,              0.8129,             0.57462,             0.17919,            0.057969,            0.017598,           0.0041511,             0.00604,             0.00604,             0.00604
                 122,            0.062773,            0.034684,             0.00603,             0.47264,              0.8129,             0.57462,             0.17919,            0.057969,            0.017598,           0.0041511,            0.006007,            0.006007,            0.006007
                 123,            0.060134,            0.035026,            0.006051,             0.46432,             0.76602,             0.55184,             0.21421,            0.053759,            0.017516,           0.0040908,            0.005974,            0.005974,            0.005974
                 124,            0.057566,            0.029448,           0.0050801,             0.46432,             0.76602,             0.55184,             0.21421,            0.053759,            0.017516,           0.0040908,            0.005941,            0.005941,            0.005941
                 125,            0.055597,            0.029547,           0.0053762,             0.46432,             0.76602,             0.55184,             0.21421,            0.053759,            0.017516,           0.0040908,            0.005908,            0.005908,            0.005908
                 126,            0.059226,            0.031746,            0.005705,             0.46432,             0.76602,             0.55184,             0.21421,            0.053759,            0.017516,           0.0040908,            0.005875,            0.005875,            0.005875
                 127,            0.059853,            0.034767,           0.0057144,             0.63791,             0.74419,              0.6824,               0.271,            0.051485,            0.017207,           0.0039898,            0.005842,            0.005842,            0.005842
                 128,            0.055531,            0.041893,           0.0054678,             0.63791,             0.74419,              0.6824,               0.271,            0.051485,            0.017207,           0.0039898,            0.005809,            0.005809,            0.005809
                 129,            0.057322,             0.03343,           0.0057931,             0.63791,             0.74419,              0.6824,               0.271,            0.051485,            0.017207,           0.0039898,            0.005776,            0.005776,            0.005776
                 130,            0.056249,            0.037676,           0.0056093,             0.63791,             0.74419,              0.6824,               0.271,            0.051485,            0.017207,           0.0039898,            0.005743,            0.005743,            0.005743
                 131,            0.055827,            0.037297,           0.0055541,             0.76386,              0.7907,             0.81022,             0.36792,            0.051518,            0.017318,           0.0039049,             0.00571,             0.00571,             0.00571
                 132,             0.05956,            0.028272,           0.0061065,             0.76386,              0.7907,             0.81022,             0.36792,            0.051518,            0.017318,           0.0039049,            0.005677,            0.005677,            0.005677
                 133,            0.057458,              0.0335,           0.0054432,             0.76386,              0.7907,             0.81022,             0.36792,            0.051518,            0.017318,           0.0039049,            0.005644,            0.005644,            0.005644
                 134,              0.0582,            0.028512,           0.0050448,             0.76386,              0.7907,             0.81022,             0.36792,            0.051518,            0.017318,           0.0039049,            0.005611,            0.005611,            0.005611
                 135,            0.059086,            0.038116,           0.0055023,             0.81345,             0.81395,             0.82913,             0.38124,            0.044602,            0.017269,            0.003807,            0.005578,            0.005578,            0.005578
                 136,            0.054745,            0.035214,           0.0062405,             0.81345,             0.81395,             0.82913,             0.38124,            0.044602,            0.017269,            0.003807,            0.005545,            0.005545,            0.005545
                 137,            0.046623,            0.031171,           0.0047899,             0.81345,             0.81395,             0.82913,             0.38124,            0.044602,            0.017269,            0.003807,            0.005512,            0.005512,            0.005512
                 138,            0.047349,            0.030102,            0.005432,             0.81345,             0.81395,             0.82913,             0.38124,            0.044602,            0.017269,            0.003807,            0.005479,            0.005479,            0.005479
                 139,            0.050443,            0.039898,           0.0055674,             0.89356,              0.7907,             0.87802,             0.45326,            0.049355,             0.01843,           0.0036617,            0.005446,            0.005446,            0.005446
                 140,            0.057763,            0.030791,           0.0049903,             0.89356,              0.7907,             0.87802,             0.45326,            0.049355,             0.01843,           0.0036617,            0.005413,            0.005413,            0.005413
                 141,            0.058118,            0.036965,           0.0055354,             0.89356,              0.7907,             0.87802,             0.45326,            0.049355,             0.01843,           0.0036617,             0.00538,             0.00538,             0.00538
                 142,            0.055663,            0.029542,           0.0050702,             0.89356,              0.7907,             0.87802,             0.45326,            0.049355,             0.01843,           0.0036617,            0.005347,            0.005347,            0.005347
                 143,            0.055136,            0.034104,           0.0048868,             0.83685,             0.83721,             0.86225,             0.36835,            0.047381,            0.017576,           0.0036467,            0.005314,            0.005314,            0.005314
                 144,            0.052802,            0.031795,            0.005224,             0.83685,             0.83721,             0.86225,             0.36835,            0.047381,            0.017576,           0.0036467,            0.005281,            0.005281,            0.005281
                 145,            0.051909,            0.040853,           0.0049683,             0.83685,             0.83721,             0.86225,             0.36835,            0.047381,            0.017576,           0.0036467,            0.005248,            0.005248,            0.005248
                 146,            0.051648,            0.036662,            0.005382,             0.83685,             0.83721,             0.86225,             0.36835,            0.047381,            0.017576,           0.0036467,            0.005215,            0.005215,            0.005215
                 147,            0.054893,            0.038448,            0.005681,              0.6999,             0.81359,             0.80006,             0.32785,            0.046806,            0.017332,           0.0036792,            0.005182,            0.005182,            0.005182
                 148,             0.05169,            0.036777,           0.0045119,              0.6999,             0.81359,             0.80006,             0.32785,            0.046806,            0.017332,           0.0036792,            0.005149,            0.005149,            0.005149
                 149,            0.053133,            0.031578,           0.0049231,              0.6999,             0.81359,             0.80006,             0.32785,            0.046806,            0.017332,           0.0036792,            0.005116,            0.005116,            0.005116
                 150,            0.051539,            0.036646,           0.0048353,              0.6999,             0.81359,             0.80006,             0.32785,            0.046806,            0.017332,           0.0036792,            0.005083,            0.005083,            0.005083
                 151,            0.052164,            0.033919,           0.0048134,              0.8137,              0.8126,             0.86433,              0.3767,            0.042557,            0.017188,             0.00368,             0.00505,             0.00505,             0.00505
                 152,            0.049151,             0.03034,           0.0047353,              0.8137,              0.8126,             0.86433,              0.3767,            0.042557,            0.017188,             0.00368,            0.005017,            0.005017,            0.005017
                 153,            0.048046,            0.032551,           0.0047404,              0.8137,              0.8126,             0.86433,              0.3767,            0.042557,            0.017188,             0.00368,            0.004984,            0.004984,            0.004984
                 154,             0.04648,            0.036401,           0.0047307,              0.8137,              0.8126,             0.86433,              0.3767,            0.042557,            0.017188,             0.00368,            0.004951,            0.004951,            0.004951
                 155,            0.046557,            0.026238,           0.0046248,              0.8652,             0.90698,             0.87865,             0.47118,            0.045863,            0.016327,            0.003684,            0.004918,            0.004918,            0.004918
                 156,            0.049724,            0.032678,           0.0047485,              0.8652,             0.90698,             0.87865,             0.47118,            0.045863,            0.016327,            0.003684,            0.004885,            0.004885,            0.004885
                 157,            0.045657,            0.034156,             0.00441,              0.8652,             0.90698,             0.87865,             0.47118,            0.045863,            0.016327,            0.003684,            0.004852,            0.004852,            0.004852
                 158,            0.050177,            0.034894,           0.0050442,              0.8652,             0.90698,             0.87865,             0.47118,            0.045863,            0.016327,            0.003684,            0.004819,            0.004819,            0.004819
                 159,            0.048359,            0.029013,           0.0045228,             0.92804,             0.90698,             0.95436,             0.47263,            0.041066,            0.016252,            0.003774,            0.004786,            0.004786,            0.004786
                 160,            0.050153,            0.032491,           0.0047423,             0.92804,             0.90698,             0.95436,             0.47263,            0.041066,            0.016252,            0.003774,            0.004753,            0.004753,            0.004753
                 161,            0.052769,            0.036396,           0.0055255,             0.92804,             0.90698,             0.95436,             0.47263,            0.041066,            0.016252,            0.003774,             0.00472,             0.00472,             0.00472
                 162,            0.051108,            0.037301,           0.0049367,             0.92804,             0.90698,             0.95436,             0.47263,            0.041066,            0.016252,            0.003774,            0.004687,            0.004687,            0.004687
                 163,            0.048456,            0.032822,           0.0045945,             0.90468,             0.88294,             0.90232,             0.46006,            0.043182,            0.015768,           0.0037502,            0.004654,            0.004654,            0.004654
                 164,              0.0492,            0.034659,           0.0048628,             0.90468,             0.88294,             0.90232,             0.46006,            0.043182,            0.015768,           0.0037502,            0.004621,            0.004621,            0.004621
                 165,            0.046865,            0.031913,            0.004917,             0.90468,             0.88294,             0.90232,             0.46006,            0.043182,            0.015768,           0.0037502,            0.004588,            0.004588,            0.004588
                 166,            0.046303,            0.029884,           0.0045233,             0.90468,             0.88294,             0.90232,             0.46006,            0.043182,            0.015768,           0.0037502,            0.004555,            0.004555,            0.004555
                 167,            0.046068,            0.031093,           0.0046977,             0.81714,             0.74419,             0.81443,             0.38299,            0.046407,            0.015841,           0.0037373,            0.004522,            0.004522,            0.004522
                 168,            0.054121,            0.037447,           0.0046665,             0.81714,             0.74419,             0.81443,             0.38299,            0.046407,            0.015841,           0.0037373,            0.004489,            0.004489,            0.004489
                 169,             0.05154,            0.029257,           0.0045683,             0.81714,             0.74419,             0.81443,             0.38299,            0.046407,            0.015841,           0.0037373,            0.004456,            0.004456,            0.004456
                 170,            0.053872,             0.03003,           0.0048103,             0.81714,             0.74419,             0.81443,             0.38299,            0.046407,            0.015841,           0.0037373,            0.004423,            0.004423,            0.004423
                 171,            0.056347,            0.030333,           0.0046971,              0.7824,             0.93023,              0.8952,             0.48449,             0.03669,            0.015598,           0.0037571,             0.00439,             0.00439,             0.00439
                 172,            0.046569,            0.037254,            0.005285,              0.7824,             0.93023,              0.8952,             0.48449,             0.03669,            0.015598,           0.0037571,            0.004357,            0.004357,            0.004357
                 173,            0.044571,            0.037073,            0.004866,              0.7824,             0.93023,              0.8952,             0.48449,             0.03669,            0.015598,           0.0037571,            0.004324,            0.004324,            0.004324
                 174,            0.044442,            0.027107,           0.0051484,              0.7824,             0.93023,              0.8952,             0.48449,             0.03669,            0.015598,           0.0037571,            0.004291,            0.004291,            0.004291
                 175,            0.045977,            0.039468,           0.0052991,             0.95236,             0.92972,             0.96668,             0.53909,            0.035035,            0.015379,           0.0036401,            0.004258,            0.004258,            0.004258
                 176,            0.043392,            0.028693,           0.0045065,             0.95236,             0.92972,             0.96668,             0.53909,            0.035035,            0.015379,           0.0036401,            0.004225,            0.004225,            0.004225
                 177,            0.044678,            0.025786,           0.0047842,             0.95236,             0.92972,             0.96668,             0.53909,            0.035035,            0.015379,           0.0036401,            0.004192,            0.004192,            0.004192
                 178,             0.04685,            0.030583,           0.0052105,             0.95236,             0.92972,             0.96668,             0.53909,            0.035035,            0.015379,           0.0036401,            0.004159,            0.004159,            0.004159
                 179,            0.042322,            0.033525,           0.0046801,             0.88605,             0.90698,             0.91181,             0.45599,            0.040981,            0.015563,           0.0035169,            0.004126,            0.004126,            0.004126
                 180,            0.049368,            0.026107,           0.0046771,             0.88605,             0.90698,             0.91181,             0.45599,            0.040981,            0.015563,           0.0035169,            0.004093,            0.004093,            0.004093
                 181,            0.048999,            0.032198,           0.0044638,             0.88605,             0.90698,             0.91181,             0.45599,            0.040981,            0.015563,           0.0035169,             0.00406,             0.00406,             0.00406
                 182,            0.042314,             0.02498,           0.0042182,             0.88605,             0.90698,             0.91181,             0.45599,            0.040981,            0.015563,           0.0035169,            0.004027,            0.004027,            0.004027
                 183,             0.05111,            0.026197,           0.0047288,              0.9299,             0.93023,             0.96155,               0.577,             0.03375,            0.015315,           0.0035064,            0.003994,            0.003994,            0.003994
                 184,            0.039599,            0.035885,           0.0042622,              0.9299,             0.93023,             0.96155,               0.577,             0.03375,            0.015315,           0.0035064,            0.003961,            0.003961,            0.003961
                 185,            0.041494,            0.036197,           0.0044605,              0.9299,             0.93023,             0.96155,               0.577,             0.03375,            0.015315,           0.0035064,            0.003928,            0.003928,            0.003928
                 186,            0.042641,             0.03659,           0.0046893,              0.9299,             0.93023,             0.96155,               0.577,             0.03375,            0.015315,           0.0035064,            0.003895,            0.003895,            0.003895
                 187,            0.041826,            0.039309,           0.0046745,             0.81058,             0.81395,              0.8909,             0.37384,            0.038317,            0.015697,           0.0032896,            0.003862,            0.003862,            0.003862
                 188,             0.04257,            0.036282,           0.0040641,             0.81058,             0.81395,              0.8909,             0.37384,            0.038317,            0.015697,           0.0032896,            0.003829,            0.003829,            0.003829
                 189,            0.050592,            0.033117,           0.0043849,             0.81058,             0.81395,              0.8909,             0.37384,            0.038317,            0.015697,           0.0032896,            0.003796,            0.003796,            0.003796
                 190,            0.045764,            0.028991,           0.0039859,             0.81058,             0.81395,              0.8909,             0.37384,            0.038317,            0.015697,           0.0032896,            0.003763,            0.003763,            0.003763
                 191,            0.050371,            0.028571,           0.0044591,             0.85709,             0.83685,             0.88416,             0.53478,            0.034581,            0.015465,           0.0032911,             0.00373,             0.00373,             0.00373
                 192,            0.044063,            0.024561,           0.0044342,             0.85709,             0.83685,             0.88416,             0.53478,            0.034581,            0.015465,           0.0032911,            0.003697,            0.003697,            0.003697
                 193,            0.043668,            0.030694,           0.0046268,             0.85709,             0.83685,             0.88416,             0.53478,            0.034581,            0.015465,           0.0032911,            0.003664,            0.003664,            0.003664
                 194,            0.043538,            0.036202,           0.0044522,             0.85709,             0.83685,             0.88416,             0.53478,            0.034581,            0.015465,           0.0032911,            0.003631,            0.003631,            0.003631
                 195,            0.042652,            0.025062,           0.0042478,             0.87314,             0.86047,             0.93001,             0.52805,            0.033719,            0.015227,           0.0032086,            0.003598,            0.003598,            0.003598
                 196,            0.042323,            0.030027,           0.0042119,             0.87314,             0.86047,             0.93001,             0.52805,            0.033719,            0.015227,           0.0032086,            0.003565,            0.003565,            0.003565
                 197,            0.040484,            0.031082,           0.0040203,             0.87314,             0.86047,             0.93001,             0.52805,            0.033719,            0.015227,           0.0032086,            0.003532,            0.003532,            0.003532
                 198,            0.038926,            0.027361,           0.0039573,             0.87314,             0.86047,             0.93001,             0.52805,            0.033719,            0.015227,           0.0032086,            0.003499,            0.003499,            0.003499
                 199,            0.041006,            0.029965,           0.0041712,             0.74997,             0.90684,             0.87089,             0.56504,            0.033038,            0.015269,           0.0031968,            0.003466,            0.003466,            0.003466
                 200,            0.041458,            0.027941,           0.0041247,             0.74997,             0.90684,             0.87089,             0.56504,            0.033038,            0.015269,           0.0031968,            0.003433,            0.003433,            0.003433
                 201,             0.03969,             0.03294,            0.004071,             0.74997,             0.90684,             0.87089,             0.56504,            0.033038,            0.015269,           0.0031968,              0.0034,              0.0034,              0.0034
                 202,            0.040253,            0.032619,            0.003965,             0.74997,             0.90684,             0.87089,             0.56504,            0.033038,            0.015269,           0.0031968,            0.003367,            0.003367,            0.003367
                 203,            0.040923,            0.028661,           0.0040122,             0.94121,             0.81395,             0.94936,             0.55489,            0.030128,            0.014916,           0.0031267,            0.003334,            0.003334,            0.003334
                 204,            0.036238,            0.022632,           0.0035506,             0.94121,             0.81395,             0.94936,             0.55489,            0.030128,            0.014916,           0.0031267,            0.003301,            0.003301,            0.003301
                 205,            0.036378,            0.025912,           0.0037936,             0.94121,             0.81395,             0.94936,             0.55489,            0.030128,            0.014916,           0.0031267,            0.003268,            0.003268,            0.003268
                 206,            0.035006,            0.035492,           0.0037256,             0.94121,             0.81395,             0.94936,             0.55489,            0.030128,            0.014916,           0.0031267,            0.003235,            0.003235,            0.003235
                 207,            0.040076,            0.034148,           0.0044477,             0.94435,             0.78924,             0.94878,             0.55631,            0.031349,            0.014961,           0.0031206,            0.003202,            0.003202,            0.003202
                 208,            0.037271,            0.032656,           0.0038562,             0.94435,             0.78924,             0.94878,             0.55631,            0.031349,            0.014961,           0.0031206,            0.003169,            0.003169,            0.003169
                 209,            0.036884,            0.027274,           0.0036347,             0.94435,             0.78924,             0.94878,             0.55631,            0.031349,            0.014961,           0.0031206,            0.003136,            0.003136,            0.003136
                 210,            0.040898,            0.027378,           0.0037911,             0.94435,             0.78924,             0.94878,             0.55631,            0.031349,            0.014961,           0.0031206,            0.003103,            0.003103,            0.003103
                 211,            0.041037,            0.034486,           0.0040307,             0.92845,             0.90538,             0.96335,             0.63315,            0.028335,            0.014514,           0.0030351,             0.00307,             0.00307,             0.00307
                 212,            0.033122,            0.030403,           0.0039186,             0.92845,             0.90538,             0.96335,             0.63315,            0.028335,            0.014514,           0.0030351,            0.003037,            0.003037,            0.003037
                 213,            0.034653,            0.031284,           0.0038341,             0.92845,             0.90538,             0.96335,             0.63315,            0.028335,            0.014514,           0.0030351,            0.003004,            0.003004,            0.003004
                 214,            0.037545,            0.024785,           0.0038823,             0.92845,             0.90538,             0.96335,             0.63315,            0.028335,            0.014514,           0.0030351,            0.002971,            0.002971,            0.002971
                 215,            0.035702,            0.032092,           0.0040845,             0.84986,             0.83721,             0.87452,             0.52714,            0.032126,            0.014751,           0.0030061,            0.002938,            0.002938,            0.002938
                 216,            0.037699,            0.030357,            0.003753,             0.84986,             0.83721,             0.87452,             0.52714,            0.032126,            0.014751,           0.0030061,            0.002905,            0.002905,            0.002905
                 217,            0.039169,            0.031154,           0.0040262,             0.84986,             0.83721,             0.87452,             0.52714,            0.032126,            0.014751,           0.0030061,            0.002872,            0.002872,            0.002872
                 218,            0.035505,            0.026872,           0.0035962,             0.84986,             0.83721,             0.87452,             0.52714,            0.032126,            0.014751,           0.0030061,            0.002839,            0.002839,            0.002839
                 219,            0.038121,            0.035829,           0.0037289,             0.97385,             0.90698,             0.96382,             0.54514,            0.029238,            0.014419,           0.0029607,            0.002806,            0.002806,            0.002806
                 220,            0.032788,             0.02747,           0.0034682,             0.97385,             0.90698,             0.96382,             0.54514,            0.029238,            0.014419,           0.0029607,            0.002773,            0.002773,            0.002773
                 221,            0.037389,             0.02252,           0.0039602,             0.97385,             0.90698,             0.96382,             0.54514,            0.029238,            0.014419,           0.0029607,             0.00274,             0.00274,             0.00274
                 222,            0.036207,            0.034141,           0.0037452,             0.97385,             0.90698,             0.96382,             0.54514,            0.029238,            0.014419,           0.0029607,            0.002707,            0.002707,            0.002707
                 223,             0.03805,            0.033052,           0.0038784,             0.88591,             0.90698,             0.93413,               0.529,            0.032783,            0.014627,           0.0029504,            0.002674,            0.002674,            0.002674
                 224,            0.040842,            0.037135,           0.0036895,             0.88591,             0.90698,             0.93413,               0.529,            0.032783,            0.014627,           0.0029504,            0.002641,            0.002641,            0.002641
                 225,            0.040802,            0.030419,           0.0035176,             0.88591,             0.90698,             0.93413,               0.529,            0.032783,            0.014627,           0.0029504,            0.002608,            0.002608,            0.002608
                 226,            0.038866,            0.029307,           0.0034841,             0.88591,             0.90698,             0.93413,               0.529,            0.032783,            0.014627,           0.0029504,            0.002575,            0.002575,            0.002575
                 227,            0.039339,               0.041,           0.0037536,             0.90409,             0.88372,             0.93764,             0.58218,            0.029319,            0.014272,           0.0029057,            0.002542,            0.002542,            0.002542
                 228,             0.03638,             0.03031,           0.0035741,             0.90409,             0.88372,             0.93764,             0.58218,            0.029319,            0.014272,           0.0029057,            0.002509,            0.002509,            0.002509
                 229,            0.039337,            0.030456,           0.0033875,             0.90409,             0.88372,             0.93764,             0.58218,            0.029319,            0.014272,           0.0029057,            0.002476,            0.002476,            0.002476
                 230,            0.035058,            0.032246,            0.003304,             0.90409,             0.88372,             0.93764,             0.58218,            0.029319,            0.014272,           0.0029057,            0.002443,            0.002443,            0.002443
                 231,            0.037055,            0.028064,           0.0033285,             0.95236,             0.92985,             0.95576,             0.63147,            0.027783,            0.014107,           0.0029138,             0.00241,             0.00241,             0.00241
                 232,            0.032592,            0.034139,           0.0034866,             0.95236,             0.92985,             0.95576,             0.63147,            0.027783,            0.014107,           0.0029138,            0.002377,            0.002377,            0.002377
                 233,            0.036296,            0.030957,            0.003596,             0.95236,             0.92985,             0.95576,             0.63147,            0.027783,            0.014107,           0.0029138,            0.002344,            0.002344,            0.002344
                 234,             0.03663,            0.035507,           0.0038714,             0.95236,             0.92985,             0.95576,             0.63147,            0.027783,            0.014107,           0.0029138,            0.002311,            0.002311,            0.002311
                 235,            0.037288,            0.025312,           0.0034824,             0.97674,             0.97659,             0.97539,             0.61973,            0.027004,            0.013753,           0.0029385,            0.002278,            0.002278,            0.002278
                 236,             0.03482,            0.029772,           0.0033533,             0.97674,             0.97659,             0.97539,             0.61973,            0.027004,            0.013753,           0.0029385,            0.002245,            0.002245,            0.002245
                 237,            0.030907,            0.025311,            0.003295,             0.97674,             0.97659,             0.97539,             0.61973,            0.027004,            0.013753,           0.0029385,            0.002212,            0.002212,            0.002212
                 238,            0.033474,            0.030976,           0.0033184,             0.97674,             0.97659,             0.97539,             0.61973,            0.027004,            0.013753,           0.0029385,            0.002179,            0.002179,            0.002179
                 239,            0.037234,            0.026434,           0.0035654,             0.91304,             0.97667,             0.95127,             0.61007,            0.026674,            0.013786,           0.0029631,            0.002146,            0.002146,            0.002146
                 240,            0.034028,            0.026191,           0.0034441,             0.91304,             0.97667,             0.95127,             0.61007,            0.026674,            0.013786,           0.0029631,            0.002113,            0.002113,            0.002113
                 241,            0.035492,            0.029549,           0.0034215,             0.91304,             0.97667,             0.95127,             0.61007,            0.026674,            0.013786,           0.0029631,             0.00208,             0.00208,             0.00208
                 242,             0.03512,            0.027715,           0.0037192,             0.91304,             0.97667,             0.95127,             0.61007,            0.026674,            0.013786,           0.0029631,            0.002047,            0.002047,            0.002047
                 243,            0.033807,            0.028299,           0.0037265,              0.9767,             0.97674,             0.97981,             0.64212,            0.024937,            0.013569,           0.0029914,            0.002014,            0.002014,            0.002014
                 244,            0.031899,            0.025923,           0.0034454,              0.9767,             0.97674,             0.97981,             0.64212,            0.024937,            0.013569,           0.0029914,            0.001981,            0.001981,            0.001981
                 245,            0.032314,             0.02568,           0.0032472,              0.9767,             0.97674,             0.97981,             0.64212,            0.024937,            0.013569,           0.0029914,            0.001948,            0.001948,            0.001948
                 246,            0.035757,            0.030471,           0.0036732,              0.9767,             0.97674,             0.97981,             0.64212,            0.024937,            0.013569,           0.0029914,            0.001915,            0.001915,            0.001915
                 247,            0.034853,            0.031471,           0.0035785,             0.93333,             0.97674,             0.97857,             0.61195,            0.029555,             0.01372,            0.002983,            0.001882,            0.001882,            0.001882
                 248,            0.035975,            0.037366,            0.003523,             0.93333,             0.97674,             0.97857,             0.61195,            0.029555,             0.01372,            0.002983,            0.001849,            0.001849,            0.001849
                 249,            0.037155,            0.032505,           0.0034991,             0.93333,             0.97674,             0.97857,             0.61195,            0.029555,             0.01372,            0.002983,            0.001816,            0.001816,            0.001816
                 250,            0.034692,            0.030757,           0.0033847,             0.93333,             0.97674,             0.97857,             0.61195,            0.029555,             0.01372,            0.002983,            0.001783,            0.001783,            0.001783
                 251,            0.036942,            0.024772,           0.0031363,             0.97669,             0.97674,             0.98385,             0.62803,            0.026583,            0.013526,           0.0029929,             0.00175,             0.00175,             0.00175
                 252,            0.032829,            0.024416,           0.0032544,             0.97669,             0.97674,             0.98385,             0.62803,            0.026583,            0.013526,           0.0029929,            0.001717,            0.001717,            0.001717
                 253,             0.03561,            0.029227,           0.0036397,             0.97669,             0.97674,             0.98385,             0.62803,            0.026583,            0.013526,           0.0029929,            0.001684,            0.001684,            0.001684
                 254,            0.031967,            0.027527,           0.0033234,             0.97669,             0.97674,             0.98385,             0.62803,            0.026583,            0.013526,           0.0029929,            0.001651,            0.001651,            0.001651
                 255,            0.033807,             0.02368,            0.003701,             0.97674,             0.97666,             0.98469,             0.61684,            0.024435,            0.013394,           0.0029828,            0.001618,            0.001618,            0.001618
                 256,            0.033751,            0.022793,           0.0033164,             0.97674,             0.97666,             0.98469,             0.61684,            0.024435,            0.013394,           0.0029828,            0.001585,            0.001585,            0.001585
                 257,            0.029231,            0.031619,           0.0032984,             0.97674,             0.97666,             0.98469,             0.61684,            0.024435,            0.013394,           0.0029828,            0.001552,            0.001552,            0.001552
                 258,            0.031853,            0.032906,             0.00358,             0.97674,             0.97666,             0.98469,             0.61684,            0.024435,            0.013394,           0.0029828,            0.001519,            0.001519,            0.001519
                 259,             0.03332,             0.02909,           0.0034088,             0.97674,             0.97671,             0.98625,             0.67819,            0.023456,            0.013211,           0.0029617,            0.001486,            0.001486,            0.001486
                 260,             0.03331,            0.035761,           0.0035757,             0.97674,             0.97671,             0.98625,             0.67819,            0.023456,            0.013211,           0.0029617,            0.001453,            0.001453,            0.001453
                 261,            0.030605,            0.030467,           0.0035741,             0.97674,             0.97671,             0.98625,             0.67819,            0.023456,            0.013211,           0.0029617,             0.00142,             0.00142,             0.00142
                 262,            0.030739,            0.037708,           0.0034614,             0.97674,             0.97671,             0.98625,             0.67819,            0.023456,            0.013211,           0.0029617,            0.001387,            0.001387,            0.001387
                 263,            0.030049,            0.029084,           0.0031595,             0.97671,             0.97674,             0.98625,             0.68586,            0.022737,            0.013073,           0.0029329,            0.001354,            0.001354,            0.001354
                 264,            0.028693,            0.035726,           0.0034222,             0.97671,             0.97674,             0.98625,             0.68586,            0.022737,            0.013073,           0.0029329,            0.001321,            0.001321,            0.001321
                 265,            0.029996,            0.026924,           0.0031503,             0.97671,             0.97674,             0.98625,             0.68586,            0.022737,            0.013073,           0.0029329,            0.001288,            0.001288,            0.001288
                 266,             0.02719,            0.026681,           0.0032747,             0.97671,             0.97674,             0.98625,             0.68586,            0.022737,            0.013073,           0.0029329,            0.001255,            0.001255,            0.001255
                 267,            0.028626,            0.026075,           0.0034149,             0.97664,             0.97674,             0.98625,             0.69085,            0.022845,            0.013025,            0.002901,            0.001222,            0.001222,            0.001222
                 268,            0.028331,            0.028871,           0.0031647,             0.97664,             0.97674,             0.98625,             0.69085,            0.022845,            0.013025,            0.002901,            0.001189,            0.001189,            0.001189
                 269,            0.029495,            0.030064,            0.003451,             0.97664,             0.97674,             0.98625,             0.69085,            0.022845,            0.013025,            0.002901,            0.001156,            0.001156,            0.001156
                 270,            0.028172,            0.030772,           0.0034756,             0.97664,             0.97674,             0.98625,             0.69085,            0.022845,            0.013025,            0.002901,            0.001123,            0.001123,            0.001123
                 271,             0.03008,             0.03147,           0.0034763,             0.95546,                   1,             0.98667,              0.7133,             0.02295,            0.012914,           0.0028653,             0.00109,             0.00109,             0.00109
                 272,             0.03298,            0.020587,           0.0034948,             0.95546,                   1,             0.98667,              0.7133,             0.02295,            0.012914,           0.0028653,            0.001057,            0.001057,            0.001057
                 273,            0.027278,            0.031519,           0.0032729,             0.95546,                   1,             0.98667,              0.7133,             0.02295,            0.012914,           0.0028653,            0.001024,            0.001024,            0.001024
                 274,            0.029927,            0.029941,            0.003239,             0.95546,                   1,             0.98667,              0.7133,             0.02295,            0.012914,           0.0028653,            0.000991,            0.000991,            0.000991
                 275,            0.028186,            0.033237,           0.0033498,             0.97727,                   1,             0.98659,             0.72256,            0.022608,            0.012828,           0.0028233,            0.000958,            0.000958,            0.000958
                 276,            0.029751,            0.023662,           0.0030583,             0.97727,                   1,             0.98659,             0.72256,            0.022608,            0.012828,           0.0028233,            0.000925,            0.000925,            0.000925
                 277,            0.028921,            0.026961,           0.0033649,             0.97727,                   1,             0.98659,             0.72256,            0.022608,            0.012828,           0.0028233,            0.000892,            0.000892,            0.000892
                 278,            0.028568,             0.02233,           0.0030421,             0.97727,                   1,             0.98659,             0.72256,            0.022608,            0.012828,           0.0028233,            0.000859,            0.000859,            0.000859
                 279,            0.031505,             0.02286,            0.003228,             0.97727,              0.9999,             0.98727,             0.71863,              0.0222,            0.012763,           0.0027906,            0.000826,            0.000826,            0.000826
                 280,            0.026864,            0.027458,           0.0031963,             0.97727,              0.9999,             0.98727,             0.71863,              0.0222,            0.012763,           0.0027906,            0.000793,            0.000793,            0.000793
                 281,            0.026286,            0.026196,           0.0029591,             0.97727,              0.9999,             0.98727,             0.71863,              0.0222,            0.012763,           0.0027906,             0.00076,             0.00076,             0.00076
                 282,            0.032004,            0.032859,           0.0032025,             0.97727,              0.9999,             0.98727,             0.71863,              0.0222,            0.012763,           0.0027906,            0.000727,            0.000727,            0.000727
                 283,            0.029245,            0.028697,           0.0031955,             0.97716,                   1,             0.98773,              0.7233,            0.021475,             0.01267,           0.0027583,            0.000694,            0.000694,            0.000694
                 284,            0.029824,            0.026709,           0.0032668,             0.97716,                   1,             0.98773,              0.7233,            0.021475,             0.01267,           0.0027583,            0.000661,            0.000661,            0.000661
                 285,            0.027414,            0.027346,           0.0031893,             0.97716,                   1,             0.98773,              0.7233,            0.021475,             0.01267,           0.0027583,            0.000628,            0.000628,            0.000628
                 286,             0.03215,            0.032772,           0.0036859,             0.97716,                   1,             0.98773,              0.7233,            0.021475,             0.01267,           0.0027583,            0.000595,            0.000595,            0.000595
                 287,            0.028103,             0.03204,           0.0030334,             0.97727,             0.99996,             0.98818,             0.72846,            0.021953,            0.012684,           0.0027363,            0.000562,            0.000562,            0.000562
                 288,            0.028435,             0.03394,            0.003259,             0.97727,             0.99996,             0.98818,             0.72846,            0.021953,            0.012684,           0.0027363,            0.000529,            0.000529,            0.000529
                 289,            0.029113,            0.029657,           0.0030858,             0.97727,             0.99996,             0.98818,             0.72846,            0.021953,            0.012684,           0.0027363,            0.000496,            0.000496,            0.000496
                 290,            0.027701,            0.022018,           0.0030839,             0.97727,             0.99996,             0.98818,             0.72846,            0.021953,            0.012684,           0.0027363,            0.000463,            0.000463,            0.000463
                 291,            0.030061,            0.028241,           0.0032937,             0.97717,                   1,             0.98886,              0.7441,            0.021555,            0.012617,           0.0027243,             0.00043,             0.00043,             0.00043
                 292,            0.029584,            0.021775,           0.0029242,             0.97717,                   1,             0.98886,              0.7441,            0.021555,            0.012617,           0.0027243,            0.000397,            0.000397,            0.000397
                 293,            0.030558,            0.024641,           0.0033874,             0.97717,                   1,             0.98886,              0.7441,            0.021555,            0.012617,           0.0027243,            0.000364,            0.000364,            0.000364
                 294,            0.027083,            0.033419,             0.00311,             0.97717,                   1,             0.98886,              0.7441,            0.021555,            0.012617,           0.0027243,            0.000331,            0.000331,            0.000331
                 295,            0.029701,            0.028774,           0.0033105,             0.97716,                   1,             0.98932,             0.74568,            0.021656,            0.012616,           0.0027162,            0.000298,            0.000298,            0.000298
                 296,            0.031527,            0.032353,           0.0032379,             0.97716,                   1,             0.98932,             0.74568,            0.021656,            0.012616,           0.0027162,            0.000265,            0.000265,            0.000265
                 297,            0.028734,            0.036342,           0.0032406,             0.97716,                   1,             0.98932,             0.74568,            0.021656,            0.012616,           0.0027162,            0.000232,            0.000232,            0.000232
                 298,            0.028872,            0.026951,           0.0035501,             0.97716,                   1,             0.98932,             0.74568,            0.021656,            0.012616,           0.0027162,            0.000199,            0.000199,            0.000199
                 299,            0.028116,             0.02723,           0.0031567,             0.97727,             0.99998,             0.98977,             0.74227,            0.021721,            0.012607,           0.0027151,            0.000166,            0.000166,            0.000166
